Agent Index,Group Index,Cities Visited,Chance meetings with group
0,0,12,3
1,1,11,1
2,2,11,1
3,3,10,1
4,4,11,0
5,5,10,3
6,6,12,2
7,7,13,0
8,8,10,3
9,9,13,5
10,10,10,0
11,11,9,1
12,12,15,2
13,13,10,3
14,14,12,1
15,15,10,3
16,16,10,1
17,17,10,0
18,18,11,2
19,19,9,2
20,20,9,3
21,21,10,4
22,22,11,0
23,23,9,1
24,24,10,3
25,25,10,3
26,26,9,1
27,27,8,6
28,28,10,2
29,29,12,2
30,30,9,1
31,31,7,3
32,32,10,4
33,33,8,1
34,34,10,1
35,35,12,4
36,36,11,0
37,37,10,1
38,38,10,2
39,39,11,2
40,40,11,3
41,41,17,3
42,42,10,2
43,43,13,3
44,44,12,4
45,45,11,2
46,46,11,3
47,47,13,2
48,48,10,2
49,49,10,2
50,50,8,0
51,51,11,3
52,52,8,2
53,53,9,1
54,54,10,1
55,55,11,4
56,56,13,3
57,57,8,2
58,58,10,2
59,59,11,2
60,60,11,1
61,61,10,1
62,62,14,2
63,63,13,2
64,64,9,2
65,65,11,1
66,66,13,3
67,67,10,1
68,68,13,0
69,69,11,4
70,70,9,1
71,71,13,4
72,72,9,3
73,73,14,2
74,74,11,1
75,75,16,2
76,76,12,3
77,77,10,7
78,78,11,3
79,79,9,3
80,80,12,1
81,81,14,1
82,82,9,2
83,83,11,2
84,84,7,1
85,85,10,0
86,86,14,0
87,87,10,2
88,88,9,1
89,89,12,2
90,90,10,1
91,91,9,0
92,92,11,0
93,93,12,3
94,94,11,3
95,95,9,1
96,96,11,3
97,97,10,1
98,98,9,1
99,99,10,2
100,0,10,0
101,1,9,2
102,2,14,3
103,3,9,3
104,4,8,3
105,5,8,1
106,6,10,2
107,7,13,5
108,8,11,2
109,9,13,6
110,10,10,3
111,11,12,1
112,12,9,4
113,13,10,4
114,14,11,3
115,15,10,1
116,16,12,2
117,17,8,0
118,18,11,4
119,19,8,1
120,20,10,1
121,21,9,2
122,22,16,3
123,23,10,1
124,24,12,3
125,25,11,3
126,26,10,2
127,27,15,2
128,28,10,1
129,29,9,1
130,30,10,3
131,31,14,1
132,32,12,2
133,33,9,3
134,34,9,2
135,35,12,0
136,36,9,2
137,37,10,2
138,38,10,1
139,39,10,1
140,40,15,1
141,41,9,1
142,42,9,3
143,43,11,4
144,44,9,0
145,45,9,3
146,46,10,1
147,47,11,4
148,48,9,0
149,49,12,4
150,50,10,1
151,51,13,4
152,52,11,1
153,53,11,1
154,54,10,1
155,55,12,4
156,56,10,2
157,57,11,0
158,58,12,3
159,59,10,1
160,60,12,0
161,61,9,2
162,62,9,2
163,63,12,2
164,64,11,0
165,65,11,3
166,66,7,1
167,67,13,1
168,68,17,1
169,69,9,1
170,70,12,4
171,71,9,3
172,72,14,4
173,73,9,0
174,74,9,1
175,75,13,1
176,76,8,1
177,77,8,1
178,78,13,0
179,79,11,3
180,80,11,1
181,81,8,0
182,82,10,2
183,83,12,6
184,84,10,1
185,85,11,3
186,86,11,2
187,87,13,4
188,88,13,0
189,89,11,1
190,90,10,1
191,91,11,1
192,92,10,0
193,93,12,3
194,94,12,1
195,95,12,4
196,96,10,2
197,97,9,2
198,98,10,2
199,99,14,3
200,0,8,1
201,1,8,3
202,2,10,1
203,3,12,2
204,4,8,2
205,5,9,1
206,6,11,4
207,7,10,2
208,8,9,1
209,9,12,1
210,10,12,2
211,11,13,1
212,12,12,3
213,13,8,4
214,14,11,2
215,15,13,5
216,16,11,1
217,17,9,2
218,18,11,6
219,19,17,2
220,20,9,1
221,21,10,1
222,22,12,1
223,23,9,1
224,24,9,3
225,25,11,0
226,26,10,2
227,27,10,3
228,28,10,3
229,29,14,4
230,30,11,2
231,31,8,1
232,32,13,2
233,33,11,0
234,34,11,3
235,35,9,2
236,36,11,1
237,37,9,1
238,38,12,1
239,39,11,2
240,40,10,0
241,41,15,3
242,42,8,1
243,43,10,1
244,44,9,1
245,45,11,1
246,46,8,1
247,47,13,2
248,48,11,1
249,49,14,3
250,50,10,0
251,51,11,3
252,52,12,2
253,53,9,0
254,54,14,1
255,55,9,1
256,56,10,3
257,57,10,3
258,58,10,1
259,59,10,2
260,60,12,1
261,61,8,1
262,62,10,3
263,63,9,0
264,64,10,2
265,65,9,2
266,66,13,4
267,67,12,5
268,68,9,2
269,69,9,1
270,70,12,1
271,71,9,1
272,72,8,0
273,73,11,2
274,74,12,4
275,75,10,2
276,76,10,3
277,77,10,2
278,78,7,4
279,79,10,0
280,80,12,4
281,81,13,1
282,82,11,2
283,83,7,2
284,84,16,1
285,85,10,2
286,86,11,2
287,87,9,4
288,88,11,3
289,89,9,1
290,90,14,5
291,91,10,0
292,92,12,3
293,93,11,2
294,94,8,3
295,95,11,3
296,96,9,2
297,97,9,2
298,98,9,2
299,99,12,3
300,0,11,1
301,1,12,2
302,2,8,1
303,3,7,1
304,4,13,0
305,5,13,3
306,6,13,0
307,7,12,3
308,8,11,4
309,9,10,2
310,10,10,4
311,11,13,0
312,12,8,0
313,13,10,3
314,14,14,3
315,15,14,5
316,16,14,4
317,17,14,2
318,18,9,3
319,19,12,2
320,20,10,3
321,21,11,2
322,22,11,2
323,23,9,2
324,24,10,1
325,25,8,1
326,26,10,1
327,27,13,2
328,28,10,0
329,29,8,1
330,30,8,1
331,31,8,2
332,32,9,1
333,33,9,1
334,34,11,0
335,35,8,0
336,36,9,1
337,37,11,1
338,38,10,2
339,39,12,0
340,40,8,1
341,41,14,3
342,42,10,1
343,43,8,3
344,44,10,3
345,45,9,1
346,46,14,1
347,47,7,1
348,48,14,4
349,49,12,2
350,50,9,1
351,51,13,3
352,52,10,0
353,53,11,0
354,54,12,1
355,55,11,0
356,56,14,1
357,57,9,2
358,58,11,1
359,59,12,2
360,60,8,0
361,61,9,0
362,62,11,1
363,63,13,4
364,64,11,1
365,65,14,1
366,66,13,2
367,67,9,1
368,68,9,0
369,69,9,2
370,70,10,1
371,71,9,4
372,72,9,3
373,73,14,4
374,74,10,1
375,75,12,4
376,76,11,2
377,77,11,1
378,78,8,2
379,79,12,3
380,80,11,3
381,81,10,1
382,82,14,2
383,83,12,3
384,84,14,2
385,85,12,1
386,86,12,1
387,87,10,0
388,88,10,1
389,89,14,2
390,90,12,3
391,91,9,4
392,92,14,4
393,93,15,0
394,94,11,2
395,95,14,2
396,96,9,0
397,97,8,0
398,98,8,1
399,99,11,2
400,0,10,2
401,1,8,4
402,2,10,5
403,3,11,0
404,4,9,1
405,5,11,2
406,6,7,3
407,7,12,0
408,8,10,0
409,9,8,2
410,10,10,3
411,11,9,1
412,12,10,2
413,13,12,1
414,14,12,3
415,15,13,2
416,16,11,2
417,17,11,4
418,18,10,1
419,19,11,4
420,20,8,1
421,21,10,4
422,22,10,4
423,23,8,1
424,24,10,0
425,25,8,3
426,26,11,1
427,27,10,2
428,28,15,2
429,29,10,4
430,30,13,3
431,31,11,5
432,32,10,1
433,33,9,1
434,34,12,1
435,35,9,2
436,36,7,1
437,37,11,3
438,38,8,3
439,39,14,1
440,40,11,0
441,41,9,1
442,42,10,2
443,43,10,2
444,44,13,5
445,45,10,5
446,46,10,2
447,47,8,2
448,48,13,3
449,49,11,3
450,50,11,1
451,51,9,1
452,52,11,2
453,53,9,1
454,54,13,3
455,55,9,1
456,56,10,1
457,57,11,1
458,58,8,3
459,59,9,4
460,60,13,4
461,61,9,3
462,62,9,1
463,63,12,1
464,64,15,7
465,65,8,2
466,66,11,0
467,67,11,3
468,68,10,1
469,69,12,0
470,70,14,5
471,71,10,2
472,72,12,3
473,73,10,1
474,74,10,2
475,75,13,2
476,76,7,2
477,77,11,4
478,78,10,0
479,79,12,2
480,80,14,4
481,81,12,1
482,82,9,1
483,83,9,1
484,84,7,1
485,85,9,1
486,86,11,2
487,87,13,3
488,88,14,6
489,89,13,0
490,90,8,1
491,91,12,3
492,92,10,2
493,93,9,1
494,94,11,2
495,95,11,2
496,96,9,1
497,97,9,3
498,98,14,1
499,99,9,4
500,0,12,1
501,1,9,1
502,2,11,1
503,3,11,3
504,4,13,2
505,5,12,1
506,6,9,4
507,7,12,2
508,8,13,0
509,9,11,5
510,10,14,5
511,11,12,0
512,12,10,4
513,13,12,5
514,14,10,2
515,15,9,3
516,16,9,1
517,17,13,2
518,18,11,0
519,19,8,0
520,20,10,1
521,21,12,1
522,22,11,1
523,23,9,3
524,24,10,3
525,25,12,5
526,26,14,3
527,27,10,1
528,28,13,0
529,29,10,2
530,30,10,2
531,31,13,1
532,32,13,1
533,33,10,0
534,34,12,3
535,35,12,3
536,36,12,4
537,37,13,5
538,38,11,3
539,39,13,1
540,40,9,1
541,41,12,2
542,42,11,0
543,43,11,3
544,44,9,2
545,45,13,5
546,46,10,2
547,47,11,6
548,48,10,1
549,49,11,2
550,50,9,2
551,51,11,4
552,52,9,0
553,53,10,0
554,54,11,3
555,55,8,1
556,56,10,3
557,57,13,1
558,58,13,4
559,59,11,1
560,60,12,1
561,61,8,1
562,62,9,1
563,63,10,3
564,64,11,3
565,65,11,2
566,66,14,3
567,67,13,2
568,68,14,5
569,69,11,3
570,70,11,2
571,71,11,0
572,72,10,1
573,73,9,2
574,74,13,3
575,75,10,1
576,76,14,2
577,77,11,0
578,78,18,4
579,79,8,0
580,80,12,2
581,81,10,3
582,82,9,2
583,83,8,0
584,84,10,7
585,85,10,1
586,86,11,0
587,87,9,4
588,88,6,0
589,89,13,4
590,90,9,1
591,91,8,0
592,92,11,2
593,93,9,2
594,94,8,1
595,95,10,1
596,96,11,7
597,97,10,2
598,98,9,1
599,99,12,0
600,0,11,2
601,1,8,1
602,2,12,2
603,3,11,2
604,4,9,2
605,5,9,0
606,6,10,2
607,7,10,2
608,8,10,1
609,9,9,4
610,10,7,0
611,11,8,0
612,12,11,2
613,13,11,1
614,14,13,2
615,15,12,2
616,16,12,4
617,17,12,2
618,18,11,2
619,19,9,0
620,20,10,1
621,21,9,2
622,22,9,1
623,23,13,1
624,24,11,3
625,25,12,3
626,26,8,1
627,27,11,2
628,28,9,4
629,29,11,1
630,30,15,2
631,31,11,3
632,32,13,3
633,33,10,5
634,34,9,0
635,35,9,2
636,36,13,1
637,37,10,0
638,38,10,2
639,39,9,7
640,40,12,1
641,41,13,6
642,42,11,2
643,43,10,2
644,44,9,2
645,45,11,1
646,46,10,2
647,47,11,2
648,48,11,1
649,49,11,1
650,50,10,0
651,51,9,1
652,52,8,0
653,53,9,3
654,54,10,1
655,55,10,2
656,56,11,0
657,57,10,2
658,58,11,2
659,59,12,2
660,60,11,2
661,61,9,2
662,62,10,1
663,63,11,3
664,64,13,2
665,65,11,3
666,66,9,1
667,67,10,0
668,68,10,2
669,69,12,3
670,70,9,4
671,71,12,1
672,72,9,4
673,73,8,2
674,74,11,2
675,75,11,2
676,76,11,2
677,77,8,2
678,78,10,1
679,79,13,5
680,80,11,2
681,81,12,3
682,82,10,0
683,83,11,4
684,84,12,4
685,85,10,5
686,86,8,2
687,87,13,5
688,88,10,1
689,89,11,1
690,90,11,2
691,91,12,2
692,92,8,3
693,93,12,1
694,94,11,1
695,95,9,2
696,96,10,1
697,97,11,3
698,98,9,2
699,99,14,2
700,0,11,2
701,1,12,3
702,2,10,1
703,3,10,1
704,4,11,4
705,5,10,0
706,6,11,1
707,7,11,2
708,8,10,3
709,9,12,2
710,10,11,0
711,11,12,1
712,12,11,1
713,13,11,3
714,14,11,0
715,15,10,2
716,16,8,0
717,17,10,1
718,18,11,1
719,19,13,1
720,20,10,0
721,21,10,0
722,22,13,1
723,23,12,0
724,24,9,3
725,25,12,1
726,26,12,0
727,27,12,2
728,28,13,3
729,29,11,0
730,30,8,1
731,31,10,5
732,32,12,3
733,33,13,1
734,34,9,4
735,35,13,2
736,36,9,2
737,37,9,3
738,38,13,1
739,39,13,1
740,40,10,1
741,41,12,2
742,42,13,1
743,43,13,1
744,44,9,2
745,45,10,2
746,46,10,2
747,47,14,4
748,48,10,1
749,49,11,4
750,50,9,3
751,51,11,1
752,52,8,0
753,53,10,4
754,54,9,4
755,55,10,1
756,56,10,0
757,57,11,0
758,58,9,2
759,59,14,0
760,60,11,5
761,61,8,3
762,62,7,0
763,63,10,1
764,64,11,5
765,65,12,0
766,66,13,1
767,67,9,1
768,68,11,0
769,69,10,1
770,70,8,3
771,71,12,2
772,72,9,4
773,73,12,3
774,74,8,0
775,75,13,3
776,76,14,1
777,77,13,4
778,78,11,3
779,79,9,0
780,80,8,3
781,81,9,1
782,82,13,0
783,83,8,1
784,84,9,0
785,85,10,0
786,86,11,0
787,87,10,1
788,88,12,3
789,89,8,2
790,90,15,2
791,91,9,3
792,92,10,0
793,93,10,0
794,94,11,2
795,95,12,0
796,96,12,2
797,97,9,3
798,98,7,0
799,99,13,0
800,0,9,3
801,1,9,2
802,2,9,0
803,3,11,3
804,4,11,0
805,5,9,1
806,6,9,0
807,7,10,3
808,8,10,2
809,9,8,2
810,10,8,0
811,11,9,0
812,12,11,1
813,13,18,4
814,14,10,0
815,15,12,2
816,16,8,2
817,17,12,1
818,18,10,1
819,19,12,3
820,20,8,2
821,21,14,1
822,22,11,3
823,23,9,3
824,24,11,5
825,25,9,1
826,26,12,2
827,27,10,1
828,28,9,1
829,29,9,1
830,30,11,1
831,31,13,2
832,32,10,3
833,33,11,4
834,34,11,1
835,35,11,2
836,36,12,4
837,37,11,2
838,38,11,2
839,39,12,1
840,40,11,0
841,41,10,3
842,42,9,1
843,43,10,1
844,44,10,2
845,45,8,3
846,46,9,0
847,47,10,2
848,48,10,4
849,49,9,1
850,50,9,2
851,51,11,1
852,52,11,3
853,53,11,1
854,54,11,2
855,55,9,2
856,56,11,4
857,57,7,2
858,58,12,5
859,59,11,2
860,60,13,2
861,61,13,1
862,62,10,1
863,63,11,3
864,64,13,3
865,65,12,3
866,66,10,5
867,67,10,2
868,68,13,2
869,69,11,1
870,70,10,1
871,71,12,2
872,72,12,1
873,73,10,1
874,74,8,0
875,75,12,3
876,76,9,1
877,77,11,1
878,78,13,6
879,79,10,3
880,80,10,2
881,81,9,3
882,82,11,5
883,83,12,1
884,84,12,3
885,85,9,3
886,86,10,2
887,87,13,3
888,88,9,1
889,89,13,1
890,90,12,3
891,91,9,2
892,92,14,1
893,93,11,4
894,94,12,1
895,95,14,2
896,96,11,4
897,97,9,2
898,98,11,2
899,99,9,1
900,0,12,1
901,1,9,0
902,2,11,4
903,3,12,2
904,4,9,0
905,5,9,4
906,6,9,1
907,7,10,4
908,8,11,1
909,9,10,1
910,10,8,1
911,11,11,2
912,12,10,3
913,13,10,3
914,14,10,4
915,15,12,1
916,16,11,1
917,17,9,1
918,18,10,1
919,19,10,1
920,20,12,2
921,21,11,1
922,22,13,0
923,23,12,2
924,24,10,0
925,25,12,1
926,26,11,1
927,27,11,0
928,28,11,4
929,29,11,3
930,30,11,1
931,31,13,3
932,32,11,2
933,33,10,4
934,34,10,2
935,35,13,4
936,36,10,2
937,37,13,4
938,38,12,3
939,39,10,3
940,40,9,0
941,41,12,2
942,42,11,0
943,43,12,0
944,44,13,0
945,45,7,2
946,46,10,2
947,47,10,0
948,48,9,1
949,49,9,0
950,50,9,3
951,51,12,2
952,52,12,3
953,53,10,1
954,54,10,0
955,55,13,1
956,56,14,1
957,57,10,1
958,58,12,2
959,59,9,3
960,60,12,1
961,61,9,1
962,62,10,4
963,63,9,2
964,64,9,1
965,65,11,2
966,66,9,2
967,67,10,0
968,68,9,0
969,69,10,0
970,70,12,3
971,71,11,1
972,72,11,2
973,73,12,2
974,74,10,1
975,75,11,5
976,76,11,1
977,77,13,0
978,78,9,1
979,79,9,2
980,80,13,4
981,81,10,1
982,82,9,0
983,83,10,2
984,84,10,1
985,85,10,1
986,86,11,1
987,87,9,1
988,88,9,1
989,89,11,2
990,90,9,2
991,91,8,0
992,92,10,3
993,93,10,3
994,94,9,1
995,95,12,1
996,96,10,1
997,97,8,4
998,98,12,1
999,99,9,0
1000,0,8,3
1001,1,7,0
1002,2,10,3
1003,3,12,3
1004,4,13,0
1005,5,10,3
1006,6,11,4
1007,7,11,2
1008,8,11,0
1009,9,12,1
1010,10,14,3
1011,11,13,0
1012,12,10,1
1013,13,12,3
1014,14,9,4
1015,15,13,1
1016,16,10,3
1017,17,9,1
1018,18,11,4
1019,19,10,2
1020,20,12,3
1021,21,9,0
1022,22,9,3
1023,23,8,2
1024,24,9,1
1025,25,10,1
1026,26,11,1
1027,27,13,0
1028,28,14,3
1029,29,10,2
1030,30,10,3
1031,31,11,3
1032,32,14,0
1033,33,10,3
1034,34,8,1
1035,35,12,2
1036,36,11,2
1037,37,8,2
1038,38,11,2
1039,39,13,1
1040,40,10,0
1041,41,9,3
1042,42,11,1
1043,43,8,1
1044,44,9,0
1045,45,10,2
1046,46,11,1
1047,47,12,3
1048,48,10,0
1049,49,8,2
1050,50,14,1
1051,51,9,1
1052,52,11,1
1053,53,14,2
1054,54,9,2
1055,55,17,4
1056,56,13,1
1057,57,12,1
1058,58,13,4
1059,59,10,2
1060,60,15,2
1061,61,11,4
1062,62,13,1
1063,63,12,4
1064,64,12,1
1065,65,10,1
1066,66,9,2
1067,67,13,2
1068,68,8,5
1069,69,11,1
1070,70,13,5
1071,71,7,2
1072,72,11,2
1073,73,9,0
1074,74,11,0
1075,75,15,4
1076,76,11,1
1077,77,10,1
1078,78,12,0
1079,79,12,2
1080,80,13,3
1081,81,12,7
1082,82,12,3
1083,83,8,3
1084,84,11,3
1085,85,10,2
1086,86,10,4
1087,87,13,1
1088,88,11,1
1089,89,12,2
1090,90,9,0
1091,91,9,4
1092,92,12,2
1093,93,9,2
1094,94,13,3
1095,95,13,1
1096,96,9,2
1097,97,13,3
1098,98,8,0
1099,99,14,1
1100,0,10,2
1101,1,13,3
1102,2,13,1
1103,3,13,6
1104,4,10,1
1105,5,9,3
1106,6,8,3
1107,7,11,4
1108,8,13,2
1109,9,9,3
1110,10,9,0
1111,11,12,1
1112,12,10,1
1113,13,10,1
1114,14,8,3
1115,15,11,4
1116,16,12,1
1117,17,9,3
1118,18,12,3
1119,19,10,2
1120,20,8,0
1121,21,11,0
1122,22,12,1
1123,23,11,2
1124,24,8,2
1125,25,12,4
1126,26,10,9
1127,27,13,5
1128,28,12,1
1129,29,11,2
1130,30,10,1
1131,31,10,2
1132,32,11,3
1133,33,10,1
1134,34,13,0
1135,35,10,2
1136,36,13,6
1137,37,14,0
1138,38,13,2
1139,39,10,1
1140,40,7,0
1141,41,13,4
1142,42,11,4
1143,43,9,5
1144,44,9,5
1145,45,9,0
1146,46,11,1
1147,47,11,2
1148,48,13,1
1149,49,14,1
1150,50,9,2
1151,51,11,3
1152,52,9,0
1153,53,13,3
1154,54,11,2
1155,55,10,1
1156,56,8,0
1157,57,9,3
1158,58,12,1
1159,59,11,2
1160,60,9,2
1161,61,11,2
1162,62,11,2
1163,63,9,1
1164,64,8,0
1165,65,11,0
1166,66,9,3
1167,67,11,3
1168,68,13,3
1169,69,7,1
1170,70,11,3
1171,71,13,1
1172,72,17,3
1173,73,9,4
1174,74,14,1
1175,75,13,3
1176,76,12,2
1177,77,10,0
1178,78,12,2
1179,79,9,2
1180,80,14,0
1181,81,11,4
1182,82,10,1
1183,83,12,3
1184,84,11,0
1185,85,11,1
1186,86,10,2
1187,87,11,0
1188,88,12,3
1189,89,7,3
1190,90,11,2
1191,91,9,0
1192,92,8,3
1193,93,16,1
1194,94,10,3
1195,95,13,5
1196,96,9,1
1197,97,11,4
1198,98,12,1
1199,99,12,3
1200,0,9,0
1201,1,12,0
1202,2,10,1
1203,3,11,1
1204,4,9,3
1205,5,18,1
1206,6,10,0
1207,7,14,0
1208,8,15,3
1209,9,13,2
1210,10,10,3
1211,11,13,2
1212,12,8,2
1213,13,11,3
1214,14,10,3
1215,15,11,3
1216,16,10,6
1217,17,12,1
1218,18,9,2
1219,19,9,2
1220,20,12,3
1221,21,9,0
1222,22,9,2
1223,23,10,1
1224,24,12,4
1225,25,9,3
1226,26,9,3
1227,27,10,5
1228,28,12,0
1229,29,7,1
1230,30,10,0
1231,31,9,2
1232,32,12,1
1233,33,13,2
1234,34,9,2
1235,35,14,2
1236,36,10,3
1237,37,12,4
1238,38,12,0
1239,39,9,1
1240,40,15,1
1241,41,11,3
1242,42,12,2
1243,43,9,1
1244,44,9,1
1245,45,11,2
1246,46,11,0
1247,47,8,0
1248,48,10,3
1249,49,12,4
1250,50,12,3
1251,51,9,1
1252,52,11,4
1253,53,13,1
1254,54,10,3
1255,55,11,4
1256,56,11,1
1257,57,10,1
1258,58,11,2
1259,59,11,1
1260,60,13,2
1261,61,12,2
1262,62,8,2
1263,63,9,1
1264,64,13,3
1265,65,11,2
1266,66,10,1
1267,67,12,1
1268,68,10,1
1269,69,12,4
1270,70,11,1
1271,71,11,6
1272,72,10,1
1273,73,9,4
1274,74,8,4
1275,75,10,1
1276,76,11,4
1277,77,11,1
1278,78,10,0
1279,79,10,1
1280,80,11,0
1281,81,13,4
1282,82,10,0
1283,83,8,1
1284,84,8,2
1285,85,13,2
1286,86,12,3
1287,87,11,1
1288,88,9,2
1289,89,9,0
1290,90,9,3
1291,91,10,1
1292,92,9,1
1293,93,12,1
1294,94,12,1
1295,95,8,0
1296,96,10,0
1297,97,12,1
1298,98,10,1
1299,99,10,2
1300,0,14,2
1301,1,9,2
1302,2,11,0
1303,3,9,1
1304,4,12,0
1305,5,12,1
1306,6,12,4
1307,7,8,1
1308,8,12,3
1309,9,11,0
1310,10,8,1
1311,11,8,2
1312,12,12,2
1313,13,10,0
1314,14,13,1
1315,15,8,3
1316,16,12,3
1317,17,11,3
1318,18,13,2
1319,19,12,1
1320,20,11,2
1321,21,9,0
1322,22,11,1
1323,23,9,3
1324,24,8,2
1325,25,12,3
1326,26,10,1
1327,27,10,2
1328,28,11,2
1329,29,10,1
1330,30,11,0
1331,31,12,2
1332,32,11,3
1333,33,10,2
1334,34,12,2
1335,35,9,3
1336,36,10,3
1337,37,9,0
1338,38,8,0
1339,39,13,6
1340,40,13,3
1341,41,11,1
1342,42,10,0
1343,43,8,1
1344,44,10,1
1345,45,13,1
1346,46,12,2
1347,47,11,3
1348,48,7,1
1349,49,14,7
1350,50,11,1
1351,51,10,2
1352,52,12,1
1353,53,11,2
1354,54,11,1
1355,55,9,2
1356,56,11,0
1357,57,12,2
1358,58,12,1
1359,59,9,5
1360,60,11,1
1361,61,8,1
1362,62,8,3
1363,63,11,1
1364,64,12,2
1365,65,10,1
1366,66,13,5
1367,67,8,0
1368,68,11,2
1369,69,13,3
1370,70,10,2
1371,71,10,1
1372,72,11,0
1373,73,11,0
1374,74,12,0
1375,75,8,0
1376,76,15,2
1377,77,8,0
1378,78,8,0
1379,79,15,1
1380,80,10,1
1381,81,13,3
1382,82,9,3
1383,83,10,1
1384,84,9,2
1385,85,8,2
1386,86,13,0
1387,87,15,2
1388,88,10,2
1389,89,10,0
1390,90,8,2
1391,91,11,4
1392,92,13,2
1393,93,12,3
1394,94,9,2
1395,95,11,0
1396,96,9,3
1397,97,11,3
1398,98,15,1
1399,99,11,0
1400,0,11,2
1401,1,13,3
1402,2,11,3
1403,3,10,0
1404,4,13,3
1405,5,9,3
1406,6,10,1
1407,7,13,1
1408,8,10,3
1409,9,10,2
1410,10,11,3
1411,11,12,2
1412,12,11,2
1413,13,12,3
1414,14,11,3
1415,15,10,3
1416,16,9,3
1417,17,13,3
1418,18,12,2
1419,19,12,6
1420,20,15,6
1421,21,9,2
1422,22,10,4
1423,23,11,2
1424,24,9,1
1425,25,9,3
1426,26,11,3
1427,27,9,0
1428,28,14,3
1429,29,12,1
1430,30,19,4
1431,31,8,0
1432,32,11,3
1433,33,10,3
1434,34,8,0
1435,35,13,1
1436,36,9,0
1437,37,11,3
1438,38,10,3
1439,39,9,1
1440,40,14,3
1441,41,10,2
1442,42,11,2
1443,43,11,0
1444,44,13,3
1445,45,12,1
1446,46,8,0
1447,47,10,0
1448,48,9,2
1449,49,9,2
1450,50,10,0
1451,51,10,0
1452,52,9,1
1453,53,9,4
1454,54,10,3
1455,55,8,1
1456,56,10,1
1457,57,11,3
1458,58,10,1
1459,59,10,0
1460,60,14,2
1461,61,10,2
1462,62,10,3
1463,63,9,1
1464,64,12,4
1465,65,12,1
1466,66,8,0
1467,67,11,2
1468,68,14,3
1469,69,11,4
1470,70,9,3
1471,71,11,2
1472,72,10,0
1473,73,10,1
1474,74,10,2
1475,75,10,0
1476,76,13,3
1477,77,8,0
1478,78,9,1
1479,79,11,0
1480,80,12,3
1481,81,12,1
1482,82,13,1
1483,83,9,0
1484,84,9,0
1485,85,9,2
1486,86,7,2
1487,87,13,3
1488,88,10,1
1489,89,12,1
1490,90,11,3
1491,91,10,0
1492,92,9,0
1493,93,11,2
1494,94,9,1
1495,95,11,5
1496,96,12,2
1497,97,11,1
1498,98,12,2
1499,99,10,0
1500,0,11,2
1501,1,7,2
1502,2,10,1
1503,3,11,0
1504,4,11,4
1505,5,9,1
1506,6,12,4
1507,7,11,1
1508,8,9,1
1509,9,9,1
1510,10,9,2
1511,11,13,3
1512,12,11,4
1513,13,9,4
1514,14,13,3
1515,15,14,6
1516,16,12,7
1517,17,10,3
1518,18,11,2
1519,19,9,6
1520,20,12,2
1521,21,11,1
1522,22,10,0
1523,23,10,0
1524,24,9,2
1525,25,9,2
1526,26,14,0
1527,27,13,2
1528,28,14,3
1529,29,9,1
1530,30,9,2
1531,31,9,3
1532,32,14,5
1533,33,11,2
1534,34,12,2
1535,35,9,2
1536,36,7,2
1537,37,13,3
1538,38,10,2
1539,39,13,3
1540,40,10,3
1541,41,11,3
1542,42,11,1
1543,43,9,1
1544,44,11,1
1545,45,11,3
1546,46,11,3
1547,47,11,0
1548,48,12,4
1549,49,13,2
1550,50,12,2
1551,51,10,0
1552,52,9,1
1553,53,12,2
1554,54,10,5
1555,55,11,2
1556,56,12,2
1557,57,11,0
1558,58,11,3
1559,59,12,2
1560,60,10,2
1561,61,11,7
1562,62,14,5
1563,63,9,3
1564,64,11,0
1565,65,9,2
1566,66,10,1
1567,67,10,1
1568,68,11,2
1569,69,11,3
1570,70,8,2
1571,71,9,2
1572,72,13,1
1573,73,8,1
1574,74,14,1
1575,75,12,1
1576,76,9,4
1577,77,9,2
1578,78,10,2
1579,79,12,0
1580,80,10,0
1581,81,7,1
1582,82,11,2
1583,83,11,1
1584,84,10,1
1585,85,9,1
1586,86,10,2
1587,87,11,1
1588,88,11,0
1589,89,12,1
1590,90,10,4
1591,91,12,3
1592,92,13,2
1593,93,11,5
1594,94,11,2
1595,95,10,1
1596,96,12,5
1597,97,12,2
1598,98,9,0
1599,99,12,1
1600,0,12,2
1601,1,9,1
1602,2,9,0
1603,3,10,5
1604,4,12,3
1605,5,11,0
1606,6,13,0
1607,7,11,0
1608,8,12,3
1609,9,10,2
1610,10,12,2
1611,11,9,1
1612,12,11,1
1613,13,11,2
1614,14,8,0
1615,15,10,1
1616,16,14,1
1617,17,10,1
1618,18,9,4
1619,19,11,0
1620,20,10,2
1621,21,12,1
1622,22,8,1
1623,23,8,3
1624,24,9,4
1625,25,10,0
1626,26,7,2
1627,27,13,5
1628,28,10,4
1629,29,11,3
1630,30,14,4
1631,31,14,2
1632,32,12,2
1633,33,11,0
1634,34,14,1
1635,35,10,0
1636,36,13,0
1637,37,11,2
1638,38,11,0
1639,39,8,1
1640,40,13,3
1641,41,9,1
1642,42,13,3
1643,43,12,4
1644,44,9,2
1645,45,8,3
1646,46,9,0
1647,47,12,3
1648,48,10,1
1649,49,12,1
1650,50,13,2
1651,51,10,2
1652,52,12,3
1653,53,11,2
1654,54,8,1
1655,55,16,3
1656,56,12,1
1657,57,7,1
1658,58,13,1
1659,59,15,3
1660,60,14,5
1661,61,11,1
1662,62,10,0
1663,63,8,1
1664,64,15,0
1665,65,13,2
1666,66,15,2
1667,67,11,2
1668,68,13,2
1669,69,10,0
1670,70,12,3
1671,71,11,2
1672,72,9,2
1673,73,9,1
1674,74,12,1
1675,75,13,3
1676,76,12,1
1677,77,10,3
1678,78,13,3
1679,79,12,1
1680,80,11,2
1681,81,11,2
1682,82,12,3
1683,83,7,2
1684,84,12,1
1685,85,10,1
1686,86,9,1
1687,87,10,2
1688,88,11,0
1689,89,9,1
1690,90,13,2
1691,91,13,2
1692,92,9,1
1693,93,12,2
1694,94,13,4
1695,95,15,4
1696,96,10,0
1697,97,12,0
1698,98,9,1
1699,99,13,2
1700,0,11,2
1701,1,12,1
1702,2,13,0
1703,3,13,2
1704,4,10,3
1705,5,15,1
1706,6,10,3
1707,7,10,2
1708,8,9,2
1709,9,9,2
1710,10,12,2
1711,11,10,2
1712,12,10,3
1713,13,10,2
1714,14,12,1
1715,15,13,3
1716,16,9,2
1717,17,9,3
1718,18,10,1
1719,19,13,0
1720,20,11,1
1721,21,11,2
1722,22,8,4
1723,23,11,2
1724,24,12,4
1725,25,10,0
1726,26,12,2
1727,27,10,1
1728,28,14,1
1729,29,12,3
1730,30,12,1
1731,31,9,2
1732,32,10,3
1733,33,13,3
1734,34,14,2
1735,35,13,1
1736,36,12,2
1737,37,10,2
1738,38,11,2
1739,39,10,2
1740,40,9,3
1741,41,10,1
1742,42,12,5
1743,43,11,2
1744,44,10,0
1745,45,13,3
1746,46,10,3
1747,47,9,1
1748,48,9,2
1749,49,10,1
1750,50,11,1
1751,51,13,0
1752,52,12,2
1753,53,11,1
1754,54,10,1
1755,55,12,3
1756,56,9,1
1757,57,10,3
1758,58,14,8
1759,59,9,0
1760,60,10,2
1761,61,11,0
1762,62,9,0
1763,63,13,2
1764,64,12,2
1765,65,13,4
1766,66,13,1
1767,67,11,1
1768,68,13,2
1769,69,10,2
1770,70,12,2
1771,71,12,2
1772,72,15,0
1773,73,9,5
1774,74,10,1
1775,75,8,3
1776,76,13,3
1777,77,9,0
1778,78,10,0
1779,79,12,4
1780,80,9,3
1781,81,8,1
1782,82,14,3
1783,83,11,2
1784,84,8,0
1785,85,9,0
1786,86,7,0
1787,87,11,4
1788,88,10,3
1789,89,10,2
1790,90,11,2
1791,91,11,6
1792,92,10,1
1793,93,12,3
1794,94,11,3
1795,95,12,4
1796,96,10,3
1797,97,10,0
1798,98,8,2
1799,99,12,1
1800,0,9,1
1801,1,10,0
1802,2,11,1
1803,3,10,2
1804,4,10,4
1805,5,13,5
1806,6,11,0
1807,7,11,0
1808,8,12,3
1809,9,9,1
1810,10,11,1
1811,11,9,2
1812,12,8,5
1813,13,11,1
1814,14,8,1
1815,15,12,1
1816,16,9,1
1817,17,10,3
1818,18,13,0
1819,19,13,4
1820,20,8,1
1821,21,12,0
1822,22,9,0
1823,23,11,4
1824,24,8,1
1825,25,10,3
1826,26,8,1
1827,27,9,2
1828,28,9,0
1829,29,13,1
1830,30,9,2
1831,31,10,0
1832,32,9,3
1833,33,11,1
1834,34,11,3
1835,35,10,1
1836,36,11,1
1837,37,9,0
1838,38,11,5
1839,39,10,0
1840,40,11,2
1841,41,13,3
1842,42,8,0
1843,43,10,3
1844,44,8,0
1845,45,9,3
1846,46,9,1
1847,47,10,5
1848,48,11,2
1849,49,9,0
1850,50,10,1
1851,51,12,1
1852,52,9,0
1853,53,11,6
1854,54,10,2
1855,55,11,1
1856,56,11,0
1857,57,12,4
1858,58,11,2
1859,59,11,3
1860,60,11,2
1861,61,9,1
1862,62,10,3
1863,63,12,1
1864,64,9,3
1865,65,11,3
1866,66,14,2
1867,67,9,1
1868,68,10,3
1869,69,10,1
1870,70,11,5
1871,71,12,2
1872,72,12,2
1873,73,12,3
1874,74,9,2
1875,75,11,2
1876,76,11,4
1877,77,11,1
1878,78,11,1
1879,79,11,2
1880,80,8,1
1881,81,13,0
1882,82,8,2
1883,83,9,1
1884,84,10,3
1885,85,8,1
1886,86,9,1
1887,87,13,5
1888,88,10,1
1889,89,9,0
1890,90,12,3
1891,91,8,1
1892,92,13,2
1893,93,8,1
1894,94,8,1
1895,95,12,4
1896,96,13,2
1897,97,11,1
1898,98,13,6
1899,99,11,1
1900,0,10,4
1901,1,13,1
1902,2,13,2
1903,3,13,4
1904,4,10,2
1905,5,11,3
1906,6,10,0
1907,7,12,4
1908,8,11,3
1909,9,13,1
1910,10,10,5
1911,11,12,1
1912,12,13,2
1913,13,12,4
1914,14,9,0
1915,15,16,3
1916,16,9,3
1917,17,15,6
1918,18,10,1
1919,19,12,2
1920,20,11,3
1921,21,13,3
1922,22,10,4
1923,23,9,1
1924,24,9,1
1925,25,11,2
1926,26,11,6
1927,27,12,3
1928,28,10,4
1929,29,11,2
1930,30,9,1
1931,31,10,1
1932,32,9,0
1933,33,9,0
1934,34,8,5
1935,35,11,3
1936,36,11,0
1937,37,8,1
1938,38,8,3
1939,39,12,1
1940,40,10,3
1941,41,8,0
1942,42,11,1
1943,43,8,1
1944,44,10,3
1945,45,13,4
1946,46,10,1
1947,47,11,4
1948,48,10,1
1949,49,15,1
1950,50,11,1
1951,51,9,1
1952,52,11,3
1953,53,14,3
1954,54,11,0
1955,55,12,2
1956,56,9,1
1957,57,10,3
1958,58,8,1
1959,59,12,2
1960,60,14,2
1961,61,10,0
1962,62,13,2
1963,63,10,0
1964,64,13,6
1965,65,10,3
1966,66,13,1
1967,67,10,2
1968,68,11,1
1969,69,11,0
1970,70,13,1
1971,71,11,2
1972,72,12,2
1973,73,11,0
1974,74,10,3
1975,75,13,2
1976,76,11,1
1977,77,11,2
1978,78,11,2
1979,79,11,3
1980,80,10,1
1981,81,11,4
1982,82,12,1
1983,83,10,1
1984,84,7,1
1985,85,8,2
1986,86,10,1
1987,87,7,0
1988,88,12,2
1989,89,11,1
1990,90,14,3
1991,91,8,1
1992,92,8,1
1993,93,12,2
1994,94,9,0
1995,95,14,1
1996,96,12,2
1997,97,13,0
1998,98,14,3
1999,99,10,2
